id_pais,pais,ciudad,Latitud,Longitud,zona,estado
1,China,Lifuta,29.341703,110.085494,Asia/Chongqing,
2,Vietnam,Th? Tr?n Ngan D?a,9.5713437,105.4495395,Asia/Ho_Chi_Minh,
3,Georgia,Bakuriani,41.7509723,43.5291848,Asia/Tbilisi,
4,Portugal,Nossa Senhora de Machede,38.5783058,-7.7756872,Europe/Lisbon,Évora
5,Peru,Chocos,-13.316667,-75.783333,America/Lima,
6,South Georgia and the South Sandwich Islands,Grytviken,-54.281149,-36.5087385,Atlantic/South_Georgia,
7,Indonesia,Susoh,3.7220621,96.8297403,Asia/Pontianak,
8,Indonesia,Krajan Dukuhseti,-6.4761564,111.0400034,Asia/Jakarta,
9,Argentina,Unión,-32.8916404,-60.7039167,America/Argentina/San_Luis,
10,Brazil,Guaxupé,-21.3054884,-46.7084932,America/Sao_Paulo,
11,Finland,Ylitornio,66.322631,23.67353,Europe/Helsinki,
12,China,Sujiatuo,40.079784,116.158066,Asia/Harbin,
13,Malaysia,Melaka,2.2166992,102.2039671,Asia/Kuala_Lumpur,Melaka
14,Poland,Ustrzyki Dolne,49.4303242,22.5942366,Europe/Warsaw,
15,Peru,Tarata,-17.4776078,-70.0339387,America/Lima,
16,Central African Republic,Kabo,7.6949299,18.6264694,Africa/Bangui,
17,Syria,B?niy?s,35.1852624,35.9533322,Asia/Damascus,
18,Italy,Genova,44.4421587,8.7866738,Europe/Rome,Liguria
19,Bulgaria,Vratsa,43.2625974,23.6556259,Europe/Sofia,
20,Philippines,Igcocolo,10.711091,122.3254206,Asia/Manila,
21,China,Niaojin,39.3433574,117.3616476,Asia/Shanghai,
22,China,Ouyang,31.2289489,121.4584218,Asia/Chongqing,
23,Syria,Douma,33.5727724,36.4093761,Asia/Damascus,
24,Philippines,Bukal,14.3745863,120.8733403,Asia/Manila,
25,Somalia,Bosaso,11.2755407,49.1878994,Africa/Mogadishu,
26,Czech Republic,Lubenec,50.1285625,13.295139,Europe/Prague,
27,Nigeria,Abuochiche,6.703272,8.8997015,Africa/Lagos,
28,Myanmar,Monywa,22.1215513,95.1536327,Asia/Rangoon,
29,Portugal,Bemposta,41.7464398,-8.3721165,Europe/Lisbon,Braga
30,Lithuania,Eišišk?s,54.141067,25.0156941,Europe/Minsk,
31,China,Weixing,28.866776,121.1706959,Asia/Harbin,
32,Norway,Arendal,58.4603072,8.7649767,Europe/Oslo,Aust-Agder
33,China,Xijiao,39.9947462,116.3397725,Asia/Shanghai,
34,Indonesia,Talambung Laok,-7.0395,113.69823,Asia/Jakarta,
35,United States,Hartford,41.7644599,-72.6729522,America/New_York,Connecticut
36,Indonesia,Sidomulyo Kulon,0.4568473,101.4046099,Asia/Jakarta,
37,Philippines,Manuel Roxas,16.424148,120.5983132,Asia/Manila,
38,Brazil,Joaçaba,-27.1743773,-51.5054475,America/Sao_Paulo,
39,Guatemala,Escuintla,14.2724013,-90.7746443,America/Guatemala,
40,Thailand,Khlung,12.4537943,102.2290442,Asia/Bangkok,
41,China,Xamba,42.2971095,-71.4720787,Asia/Chongqing,
42,Philippines,Sibulan,9.338682,123.291063,Asia/Manila,
43,China,Jiwei,31.848137,117.284858,Asia/Chongqing,
44,Indonesia,Cibeureum Kidul,-6.9069547,107.5593913,Asia/Jakarta,
45,Czech Republic,Ný?any,49.7127158,13.2046047,Europe/Prague,
46,Brazil,Araras,-22.3595631,-47.3853435,America/Sao_Paulo,
47,Indonesia,Balekambang,-8.4034458,112.5391259,Asia/Jakarta,
48,Philippines,Cambarus,10.3385626,122.9316044,Asia/Manila,
49,Mauritius,Cap Malheureux,-19.986874,57.6127424,Indian/Mauritius,
50,Mexico,Lindavista,19.5037694,-99.1324282,America/Mexico_City,Michoacan De Ocampo
51,China,Pozhang,29.003994,92.564016,Asia/Chongqing,
52,Philippines,Biñan,14.3160322,121.0671937,Asia/Manila,
53,Nigeria,Damaturu,11.7469961,11.9661922,Africa/Lagos,
54,Vietnam,Ti?n H?i,20.3609414,106.5584071,Asia/Ho_Chi_Minh,
55,China,Muli,27.928835,101.280205,Asia/Shanghai,
56,Czech Republic,Viš?ové,48.9787664,16.1411813,Europe/Prague,
57,Philippines,Lamak,10.1219025,123.5393143,Asia/Manila,
58,Japan,Innoshima,34.276784,133.193015,Asia/Tokyo,
59,France,Goussainville,49.0240609,2.4633136,Europe/Paris,Île-de-France
60,Indonesia,Cangkuang,-7.1044542,107.9146687,Asia/Jakarta,
61,France,Bordeaux,44.8369535,-0.5820236,Europe/Paris,Aquitaine
62,Portugal,Vale Flores,38.7865307,-9.3643528,Europe/Lisbon,Lisboa
63,Paraguay,Belén,-23.4697466,-57.2635114,America/Asuncion,
64,Indonesia,Krajan Battal,-7.7474,114.0409,Asia/Jakarta,
65,China,Shuinanxu,26.83411,116.490286,Asia/Shanghai,
66,Japan,Tamano,37.7688197,140.7154397,Asia/Tokyo,
67,Uzbekistan,Sirdaryo,40.3863808,68.7154975,Asia/Tashkent,
68,New Zealand,Hastings,-39.6241126,176.8270545,Pacific/Auckland,
69,China,Pengfang,45.597839,126.637515,Asia/Chongqing,
70,Portugal,Arcossó,41.6496858,-7.5999153,Europe/Lisbon,Vila Real
71,Philippines,Libas,15.8785099,120.3186429,Asia/Manila,
72,Sweden,Finspång,58.6842321,15.7861546,Europe/Stockholm,Östergötland
73,Cuba,Baracoa,20.3474809,-74.5023819,America/Havana,
74,Uganda,Fort Portal,0.6546257,30.2801166,Africa/Kampala,
75,Indonesia,Karangharjo,-6.7050629,111.6198661,Asia/Jakarta,
76,Angola,Luanda,-8.8399876,13.2894368,Africa/Luanda,
77,Germany,Halle,51.4787653,12.0365785,Europe/Berlin,Sachsen-Anhalt
78,China,Buyun,30.839274,104.406708,Asia/Shanghai,
79,Indonesia,Sarimukti Kaler,-7.4301,108.7146,Asia/Jakarta,
80,Bangladesh,L?lmohan,23.7122313,90.4147954,Asia/Dhaka,
81,Brazil,Patos,-7.026967,-37.2776539,America/Fortaleza,
82,China,Hexiangqiao,29.916694,121.529927,Asia/Chongqing,
83,Indonesia,Mloko,-7.3608928,110.1726465,Asia/Jakarta,
84,China,Zhangpu,24.117102,117.613808,Asia/Chongqing,
85,Poland,?yraków,50.0919002,21.3924958,Europe/Warsaw,
86,France,Orange,44.1372925,4.810107,Europe/Paris,Provence-Alpes-Côte d'Azur
87,Poland,Rzeszów,50.0360024,22.0152079,Europe/Warsaw,
88,Ukraine,Skalat,49.4285053,25.9712877,Europe/Uzhgorod,
89,China,Longzui,39.2752729,118.4500421,Asia/Chongqing,
90,Bosnia and Herzegovina,Gornja Koprivna,45.0084341,15.9561975,Europe/Sarajevo,
91,Japan,Nagato,37.8996732,139.2013381,Asia/Tokyo,
92,Spain,Granada,37.1691224,-3.6002547,Europe/Madrid,Andalucia
93,China,Tiandiba,28.721763,108.389861,Asia/Chongqing,
94,Philippines,Abuyog,10.668154,125.042795,Asia/Manila,
95,Russia,Chernomorskiy,44.8534496,38.491586,Europe/Moscow,
96,Nigeria,Gamawa,12.1359226,10.5380494,Africa/Lagos,
97,Colombia,Roldanillo,4.4210661,-76.1899661,America/Bogota,
98,Japan,Mizunami,37.8909637,139.3167305,Asia/Tokyo,
99,Western Sahara,Laâyoune / El Aaiún,27.1252867,-13.1625005,Africa/El_Aaiun,
100,Philippines,San Fernando,7.9187344,125.3297787,Asia/Manila,
101,Greece,Anáfi,36.363178,25.7693535,Europe/Athens,
102,China,Xiyuan,30.5859716,114.2689545,Asia/Shanghai,
103,China,Duozhu,23.027797,114.950182,Asia/Chongqing,
104,Iran,Neyr?z,29.1893104,54.3139277,Asia/Tehran,
105,Colombia,Santuario,5.075748,-75.964144,America/Bogota,
106,China,Pinglin,24.9350844,121.7107613,Asia/Chongqing,
107,Indonesia,Bedayutalang,-8.073071,113.1173534,Asia/Jakarta,
108,Portugal,Queluz,38.7592621,-9.2760659,Europe/Lisbon,Lisboa
109,Dominican Republic,Cana Chapetón,19.604951,-71.252526,America/Santo_Domingo,
110,China,Shoushan,26.534726,119.326773,Asia/Harbin,
111,United States,Washington,38.8965627,-77.0224418,America/New_York,District of Columbia
112,Japan,Inawashiro,37.5743169,140.0611908,Asia/Tokyo,
113,Jordan,As Sal?,32.0366011,35.7288398,Asia/Amman,
114,Peru,San Pedro de Lloc,-7.4242735,-79.5069436,America/Lima,
115,United Arab Emirates,Dibba Al-Hisn,25.6181943,56.2733747,Asia/Dubai,
116,Poland,Borzechów,51.0768632,22.2730418,Europe/Warsaw,
117,Vietnam,Ninh Giang,20.7491091,106.3699271,Asia/Ho_Chi_Minh,
118,Portugal,Taveiro,40.1999522,-8.5031422,Europe/Lisbon,Coimbra
119,Brazil,Uberlândia,-18.9172494,-48.2841556,America/Sao_Paulo,
120,Ireland,Watergrasshill,52.0097259,-8.337871,Europe/Dublin,
121,Brazil,Frederico Westphalen,-27.3607338,-53.3963199,America/Sao_Paulo,
122,China,Dachong,22.465063,113.300929,Asia/Shanghai,
123,Ukraine,Dobropillya,48.4691324,37.0871224,Europe/Zaporozhye,
124,Peru,El Tambo,-12.1253006,-77.0270549,America/Lima,
125,Saudi Arabia,Al Maj?ridah,19.1284443,41.9246083,Asia/Riyadh,
126,Kazakhstan,Dzhetygara,52.2163528,61.2809373,Asia/Qyzylorda,
127,Yemen,Zakhim,14.29496,44.68504,Asia/Aden,
128,China,Shuangxiqiao,29.020827,110.637506,Asia/Shanghai,
129,Argentina,San Agustín de Valle Fértil,-30.6357648,-67.4658213,America/Argentina/San_Juan,
130,China,Wangliao,31.7304839,117.3437409,Asia/Chongqing,
131,Vietnam,Tân An,10.5330098,106.4052541,Asia/Ho_Chi_Minh,
132,Argentina,Almafuerte,-34.6795558,-58.5577501,America/Argentina/Cordoba,
133,France,Gif-sur-Yvette,48.7212066,2.1222327,Europe/Paris,Île-de-France
134,China,Tazhuang,26.05045,118.775821,Asia/Shanghai,
135,Vietnam,Tân Hòa,21.3971282,106.71167,Asia/Ho_Chi_Minh,
136,South Africa,Marquard,-28.6880903,27.4380189,Africa/Johannesburg,
137,Nigeria,Yajiwa,11.3861374,12.7199759,Africa/Lagos,
138,Morocco,Khemisset,33.8153704,-6.0573302,Africa/Casablanca,
139,Indonesia,Salam,-7.6247732,110.2951364,Asia/Jakarta,
140,Mexico,Las Flores,23.2675871,-106.3830904,America/Monterrey,Chiapas
141,Macedonia,Karbinci,41.81758,22.23529,Europe/Skopje,
142,Indonesia,Kenamoen,-10.5411,123.2875,Asia/Makassar,
143,Russia,Detchino,54.8098373,36.3116274,Europe/Moscow,
144,China,Shifang,31.12678,104.167501,Asia/Shanghai,
145,Indonesia,Pitai,-10.01236,123.630501,Asia/Makassar,
146,France,Clermont-Ferrand,45.0386871,3.103119,Europe/Paris,Auvergne
147,China,Yonghe,36.759507,110.632006,Asia/Chongqing,
148,Russia,Sudogda,55.951057,40.8600241,Europe/Moscow,
149,Jamaica,Black River,18.0335359,-77.856738,America/Jamaica,
150,Philippines,Conner,17.8145613,121.2831831,Asia/Manila,
151,France,Roubaix,50.7022235,3.1685214,Europe/Paris,Nord-Pas-de-Calais
152,Argentina,Comandante Fontana,-25.8631114,-58.8821875,America/Argentina/Cordoba,
153,China,Daban,21.72342,108.452555,Asia/Harbin,
154,France,La Seyne-sur-Mer,43.1147983,5.8567016,Europe/Paris,Provence-Alpes-Côte d'Azur
155,Bulgaria,Boychinovtsi,43.2467751,26.5761136,Europe/Sofia,
156,Colombia,Pivijay,10.4471471,-74.4086073,America/Bogota,
157,Paraguay,Colonia Catuete,-24.2481501,-54.7576819,America/Sao_Paulo,
158,China,Meixian,24.265926,116.081656,Asia/Shanghai,
159,Indonesia,Pangkalan,-2.688962,111.622398,Asia/Jakarta,
160,Philippines,Dicamay,16.563709,121.699742,Asia/Manila,
161,Russia,Rzhev,56.2621893,34.3028279,Europe/Moscow,
162,Czech Republic,Hostivice,50.0815792,14.2585703,Europe/Prague,
163,China,Xiangyun,25.48385,100.550945,Asia/Shanghai,
164,Ukraine,Bila Krynytsya,47.975777,25.8865511,Europe/Kiev,
165,Japan,Edosaki,35.9581394,140.3212196,Asia/Tokyo,
166,Indonesia,Lakateng,-8.2357,124.9124,Asia/Dili,
167,Indonesia,Hewa,-8.5713352,122.6898986,Asia/Makassar,
168,United Kingdom,Stapleford,53.10672,-0.687802,Europe/London,England
169,Nepal,Kathmandu,27.7172453,85.3239605,Asia/Kathmandu,
170,China,Wendengying,37.219543,122.117995,Asia/Shanghai,
171,China,Yanwukou,29.497833,109.918672,Asia/Chongqing,
172,Brazil,Goiana,-7.5630149,-35.0131428,America/Recife,
173,Indonesia,Bunigeulis,-7.066667,108.416667,Asia/Jakarta,
174,Philippines,Indulang,8.0870678,124.5860781,Asia/Manila,
175,Poland,?ubnice,51.1644956,18.2903712,Europe/Warsaw,
176,Dominican Republic,Salcedo,19.3947363,-70.5263459,America/Santo_Domingo,
177,China,Hecheng,27.578926,110.040315,Asia/Shanghai,
178,Japan,Kikuchi,33.0205233,130.8260172,Asia/Tokyo,
179,Guatemala,Jerez,22.6611943,-102.9937166,America/El_Salvador,
180,Russia,Gorbatov,56.1276639,43.0729987,Europe/Moscow,
181,Indonesia,Raemude,-10.5571304,121.8505679,Asia/Makassar,
182,Indonesia,Puamata,-10.7333933,123.1260578,Asia/Makassar,
183,China,Aoyang,31.859964,120.411393,Asia/Shanghai,
184,Argentina,Añelo,-38.351311,-68.796194,America/Argentina/Salta,
185,Portugal,Figueiredo,41.5027813,-8.4423541,Europe/Lisbon,Braga
186,Indonesia,Cinyawang,-7.5746526,108.7690065,Asia/Jakarta,
187,France,Strasbourg,48.5347071,7.6370168,Europe/Paris,Alsace
188,France,Créteil,48.7803815,2.4549884,Europe/Paris,Île-de-France
189,Philippines,Talugtug,15.8112182,120.7479539,Asia/Manila,
190,Afghanistan,B?my?n,34.8100067,67.8212104,Asia/Kabul,
191,Nepal,Pokhara,28.237987,83.9955879,Asia/Kathmandu,
192,Greece,Kariaí,40.233333,22.3,Europe/Athens,
193,China,Deshan,28.953619,111.70719,Asia/Shanghai,
194,China,Maochen,30.859012,113.979421,Asia/Chongqing,
195,Greece,Empório,36.3573462,25.4459308,Europe/Athens,
196,China,Fuzihe,26.074478,119.296482,Asia/Shanghai,
197,Poland,?ysomice,53.0863997,18.6197864,Europe/Warsaw,
198,Canada,Fox Creek,54.40007,-116.80238,America/Edmonton,Alberta
199,Indonesia,Atap,3.8152026,117.1147095,Asia/Makassar,
200,Portugal,Quinta,41.4781837,-7.9642644,Europe/Lisbon,Braga
201,China,Fangxiang,32.504051,119.389592,Asia/Shanghai,
202,Sweden,Lomma,55.6771783,13.0856744,Europe/Stockholm,Skåne
203,Germany,Hamburg,53.5754959,10.0807485,Europe/Berlin,Hamburg
204,Ukraine,Shevchenkove,49.6877737,37.1778581,Europe/Zaporozhye,
205,Ecuador,Celica,-4.1031257,-79.9584397,America/Guayaquil,
206,Micronesia,Eauripik,6.691667,143.041667,Pacific/Guam,
207,Canada,North Battleford,52.7785658,-108.2930839,America/Regina,Saskatchewan
208,Japan,Ube,34.0319016,131.0103712,Asia/Tokyo,
209,Greece,Flórina,40.7845262,21.4131222,Europe/Athens,
210,Slovenia,Laško,46.1542793,15.2359979,Europe/Ljubljana,
211,Indonesia,Kembang,-6.4712737,110.8171082,Asia/Jakarta,
212,China,Daruoyan,28.297306,120.632491,Asia/Shanghai,
213,Egypt,Ban? Maz?r,28.5076416,30.734995,Africa/Cairo,
214,Philippines,Mileb,14.6293712,121.1072374,Asia/Manila,
215,Indonesia,Segoro,-7.3676762,112.605342,Asia/Jakarta,
216,Russia,Novorossiysk,44.7154014,37.7619669,Europe/Moscow,
217,Zimbabwe,Chipinge,-20.1914261,32.6333973,Africa/Harare,
218,Guam,Santa Rita Village,13.4760985,144.751572,Pacific/Guam,
219,Philippines,Kiangan,16.7742464,121.0882915,Asia/Manila,
220,Nigeria,Bode Sadu,8.9407376,4.7821043,Africa/Lagos,
221,Spain,Zamora,41.5120612,-5.7415013,Europe/Madrid,Castilla - Leon
222,Armenia,Balahovit,40.2544003,44.6027766,Asia/Yerevan,
223,Indonesia,Tanahmerah,-6.080007,140.276147,Asia/Jakarta,
224,Brazil,Ipu,-4.3220187,-40.7092475,America/Fortaleza,
225,China,Muyuzi,35.939466,118.520324,Asia/Harbin,
226,Russia,Rzhavki,56.0127743,37.2229806,Europe/Moscow,
227,Russia,Ust’-Kalmanka,52.1350237,83.3181593,Asia/Omsk,
228,Macedonia,Vinica,41.884195,22.505053,Europe/Skopje,
229,Lebanon,Tripoli,34.4345947,35.8361633,Asia/Beirut,
230,Syria,‘Irb?n,33.5389052,36.3660597,Asia/Damascus,
231,China,Fengjiang,27.948308,109.599191,Asia/Shanghai,
232,Philippines,Bantuanon,6.3726849,125.1367621,Asia/Manila,
233,Rwanda,Musanze,-1.5034616,29.6325305,Africa/Kigali,
234,Nigeria,Keffi,8.8471213,7.8776023,Africa/Lagos,
235,Poland,Czarne,53.6808257,16.9312789,Europe/Warsaw,
236,Argentina,La Poma,-24.7995226,-65.434694,America/Argentina/Salta,
237,China,Dahe,38.135288,114.397004,Asia/Shanghai,
238,Philippines,Balagon,18.1605511,121.6482773,Asia/Manila,
239,Israel,Tiberias,32.795859,35.530973,Asia/Jerusalem,
240,China,Xinglongchang,29.718419,104.585735,Asia/Shanghai,
241,Colombia,Herrán,7.453578,-72.467236,America/Bogota,
242,South Africa,Ventersdorp,-26.1468042,27.6273013,Africa/Johannesburg,
243,Poland,Lubie? Kujawski,52.4062515,19.1651495,Europe/Warsaw,
244,Indonesia,Trikora,0.4907958,121.4713265,Asia/Makassar,
245,Indonesia,Kelapa,-1.880763,105.668503,Asia/Jakarta,
246,Indonesia,Cimanggu,-6.956164,106.7714,Asia/Jakarta,
247,Togo,Atakpamé,7.5286908,1.1305049,Africa/Lome,
248,Brazil,Piraí,-22.602558,-43.9055155,America/Sao_Paulo,
249,Indonesia,Krajan Nglinggis,-8.0402,111.6023,Asia/Jakarta,
250,Russia,Ramon’,51.9347573,39.3221711,Europe/Moscow,
251,France,Noyal-sur-Vilaine,48.1079676,-1.5212701,Europe/Paris,Bretagne
252,Morocco,Mohammedia,33.6835086,-7.3848547,Africa/Casablanca,
253,Canada,Burns Lake,54.2331,-125.7533,America/Vancouver,British Columbia
254,Czech Republic,Jesenice,50.0843138,12.4747444,Europe/Prague,
255,Kosovo,Dragash,42.0615398,20.6511592,Europe/Belgrade,
256,China,Tanzhesi,39.8783781,116.0313067,Asia/Harbin,
257,Azerbaijan,Yelenendorf,40.5895257,46.3271378,Asia/Baku,
258,Philippines,San Nicolas,13.9300945,120.9522977,Asia/Manila,
259,Colombia,Florida,3.3213339,-76.235361,America/Bogota,
260,Dominican Republic,La Agustina,18.4931208,-69.9293076,America/Santo_Domingo,
261,Nigeria,Afikpo,5.8894555,7.9538378,Africa/Lagos,
262,China,Xitou,29.866917,118.403786,Asia/Shanghai,
263,France,Saint-Claude,46.3561381,5.8057676,Europe/Paris,Franche-Comté
264,Philippines,Minien East,15.9769657,120.4674034,Asia/Manila,
265,Canada,Kingston,45.4136084,-66.0783767,America/Toronto,Ontario
266,China,Biaoxi,28.002849,118.764957,Asia/Shanghai,
267,Indonesia,Sedatiagung,-7.3808411,112.7554346,Asia/Jakarta,
268,Portugal,Caridade,38.4475572,-7.5669496,Europe/Lisbon,Évora
269,Luxembourg,Lenningen,49.6005751,6.3670151,Europe/Berlin,
270,Brazil,Canavieiras,-15.6903468,-39.1127352,America/Bahia,
271,Thailand,Pom Prap Sattru Phai,13.7514954,100.5108479,Asia/Bangkok,
272,Philippines,Balucawi,14.6539775,121.0288525,Asia/Manila,
273,Dominican Republic,Tamboril,18.509402,-69.8631607,America/Santo_Domingo,
274,Sweden,Ånge,62.1865035,15.6532841,Europe/Stockholm,Västernorrland
275,Indonesia,Soe,-9.8596373,124.2754988,Asia/Makassar,
276,Albania,Laç,41.6412644,19.705595,Europe/Tirane,
277,Japan,Izumi,38.0818216,140.0392974,Asia/Tokyo,
278,Syria,Ar Raqqah,35.9594106,38.9981052,Asia/Damascus,
279,China,Taihe,26.789958,114.908872,Asia/Harbin,
280,Switzerland,Zürich,47.3774041,8.5113801,Europe/Zurich,Kanton Zürich
281,China,Chuoyuan,37.355469,120.434071,Asia/Harbin,
282,Nigeria,Dabai,11.366667,7.633333,Africa/Lagos,
283,Vietnam,Tha?nh Ho?a,10.664587,106.1816196,Asia/Ho_Chi_Minh,
284,Burkina Faso,Boussé,12.65179,-1.888756,Africa/Ouagadougou,
285,Macedonia,Oslomej,41.5817519,21.0005869,Europe/Skopje,
286,China,Yanling,26.489902,113.772655,Asia/Shanghai,
287,Indonesia,Sukajadi,-6.8903936,107.5889804,Asia/Jakarta,
288,Lithuania,Eiguliai,54.922013,23.956344,Europe/Vilnius,
289,Portugal,Pinhal Novo,38.6382751,-8.9095861,Europe/Lisbon,Setúbal
290,Indonesia,Petani,1.3031434,101.0259275,Asia/Jayapura,
291,Finland,Jurva,62.8511538,21.7352793,Europe/Helsinki,
292,China,Hantang,35.032891,108.093259,Asia/Shanghai,
293,Indonesia,Panggungrejo,-7.6385033,112.9148168,Asia/Jakarta,
294,Poland,Tylicz,49.3883764,21.0533447,Europe/Bratislava,
295,Peru,Saño,-11.9595235,-75.258844,America/Lima,
296,Indonesia,Raci Kulon,-7.0031703,112.545369,Asia/Jakarta,
297,Indonesia,Pembuanghulu,-2.5082067,112.1787896,Asia/Pontianak,
298,Cameroon,Lolodorf,3.2336472,10.7295146,Africa/Douala,
299,China,Huanghuatan,37.651814,103.173222,Asia/Shanghai,
300,Philippines,Nuing,13.1424635,123.7244858,Asia/Manila,
301,Kazakhstan,Aksu,52.0404797,76.9262526,Asia/Almaty,
302,Honduras,Arada,14.8465342,-88.3032755,America/Tegucigalpa,
303,Albania,Gostimë,40.9942545,20.0181673,Europe/Tirane,
304,Tanzania,Igunga,-4.3562151,33.617577,Africa/Dar_es_Salaam,
305,Russia,Ostrov,57.3397034,28.3570946,Europe/Moscow,
306,China,Nanyulinxi,39.20892,112.68142,Asia/Shanghai,
307,Czech Republic,Jedlová,49.6610036,16.3060863,Europe/Prague,
308,Argentina,General Lavalle,-34.5595896,-58.6022596,America/Argentina/Mendoza,
309,China,Baixi,31.874138,103.573122,Asia/Chongqing,
310,Indonesia,Palangkaraya,-2.2161048,113.913977,Asia/Pontianak,
311,China,Qingyun,37.775349,117.385256,Asia/Shanghai,
312,China,Jagistay,43.591386,81.239566,Asia/Almaty,
313,Bangladesh,Uttar Char Fasson,21.9868109,90.295166,Asia/Dhaka,
314,Russia,Sergach,55.4928171,45.6316463,Europe/Moscow,
315,Ukraine,Lyubech,51.700259,30.6625433,Europe/Kiev,
316,Portugal,Roriz,41.5838798,-8.5932108,Europe/Lisbon,Braga
317,Honduras,El Agua Dulcita,14.6901945,-87.7480377,America/Tegucigalpa,
318,Ukraine,Zbarazh,49.6669762,25.7723085,Europe/Uzhgorod,
319,Bahamas,Cockburn Town,24.0527442,-74.5302159,America/Nassau,
320,Indonesia,Sindanghayu,-7.4720926,108.6324073,Asia/Jakarta,
321,Russia,Golynki,54.8675594,31.3957567,Europe/Moscow,
322,Poland,Rudka,52.7301035,22.6886729,Europe/Warsaw,
323,Brazil,Marabá,-5.3811326,-49.1331046,America/Santarem,
324,Russia,Shebekino,50.4086421,36.8953954,Europe/Moscow,
325,Poland,Krzepice,50.969668,18.7293002,Europe/Warsaw,
326,Philippines,Dapawan,12.405227,121.990643,Asia/Manila,
327,United States,Toledo,41.6560291,-83.666758,America/New_York,Ohio
328,Indonesia,Tambangan,-3.544289,104.4683,Asia/Jakarta,
329,China,Daming,36.285616,115.147814,Asia/Chongqing,
330,Croatia,Drnje,46.2141844,16.9151602,Europe/Zagreb,
331,Kuwait,Al Fa????l,29.0825,48.13028,Asia/Kuwait,
332,Canada,Lévis,46.7530428,-71.2196569,America/Montreal,Québec
333,China,Yangzhuang,22.9550072,113.0126011,Asia/Chongqing,
334,Indonesia,Jatisari,-6.3385652,106.9447146,Asia/Jakarta,
335,Hungary,Szombathely,46.3743832,17.7845904,Europe/Budapest,Vas
336,Vietnam,Phong ?i?n,16.503112,107.3375791,Asia/Ho_Chi_Minh,
337,Poland,Pokrzywnica,52.6254174,21.0235972,Europe/Warsaw,
338,China,Tuanjie,25.456453,103.240546,Asia/Harbin,
339,China,Binhailu,39.00366,117.710496,Asia/Shanghai,
340,United States,Santa Cruz,36.9923139,-122.0581762,America/Los_Angeles,California
341,Philippines,Salinungan Proper,16.8907872,121.5670029,Asia/Manila,
342,Poland,Pysznica,50.5740977,22.1623714,Europe/Warsaw,
343,Russia,Kerva,55.6032817,39.5751117,Europe/Moscow,
344,China,Ehen Hudag,39.21074,101.66898,Asia/Chongqing,
345,China,Changfeng,32.478018,117.167563,Asia/Chongqing,
346,Poland,Straszydle,49.896245,21.959222,Europe/Warsaw,
347,China,Qilong,39.903538,116.42675,Asia/Chongqing,
348,Canada,Norfolk County,42.8334,-80.38297,America/Toronto,Ontario
349,Philippines,Lucban,13.9327517,121.6158104,Asia/Manila,
350,Jamaica,Williamsfield,18.0651384,-77.4658948,America/Jamaica,
351,Armenia,Yerazgavors,40.7031503,43.7750216,Asia/Yerevan,
352,China,Hepu,21.660935,109.207335,Asia/Shanghai,
353,Haiti,Limonade,19.6686032,-72.1268032,America/Port-au-Prince,
354,Colombia,Socorro,6.4360112,-73.28833,America/Bogota,
355,Mexico,Primero de Mayo,27.388611,-110.1216666,America/Mexico_City,Coahuila De Zaragoza
356,China,Puyang,35.761829,115.029215,Asia/Shanghai,
357,Ivory Coast,Touba,8.2841689,-7.681943,Africa/Abidjan,
358,Pakistan,Mirpur Khas,25.5311276,69.0397556,Asia/Karachi,
359,Indonesia,Bantarpanjang,-6.3034502,106.4563567,Asia/Jakarta,
360,China,Shilong,23.105394,113.874335,Asia/Chongqing,
361,Croatia,Vinež,45.1013124,14.1052162,Europe/Zagreb,
362,Indonesia,Naikolan,-10.1904527,123.6007574,Asia/Makassar,
363,Japan,Naze,37.7378509,138.7970925,Asia/Tokyo,
364,Brazil,Ibiporã,-23.2664186,-51.0527244,America/Sao_Paulo,
365,Lithuania,Skuodas,55.8951461,21.2626042,Europe/Vilnius,
366,China,Gaoliang,29.761159,105.931414,Asia/Chongqing,
367,Zambia,Kafue,-15.712819,28.5797981,Africa/Lusaka,
368,Russia,Shigony,53.3326761,48.6446327,Europe/Samara,
369,Indonesia,Gemblengmulyo,-6.7347875,111.4648515,Asia/Jakarta,
370,Sierra Leone,Gandorhun,7.554461,-11.693428,Africa/Freetown,
371,Niger,Tanout,14.972892,8.8831506,Africa/Niamey,
372,New Caledonia,Dumbéa,-22.1678006,166.4574811,Pacific/Noumea,
373,Ivory Coast,Duekoué,6.7473801,-7.3624598,Africa/Abidjan,
374,Peru,Santa Rosa,-11.806679,-77.1657716,America/Lima,
375,France,Bagnères-de-Bigorre,43.067122,0.151424,Europe/Paris,Midi-Pyrénées
376,Sweden,Umeå,63.827461,20.2599325,Europe/Stockholm,Västerbotten
377,China,Luyi,33.86,115.484454,Asia/Chongqing,
378,China,Xiaojiangba,31.098293,117.83785,Asia/Shanghai,
379,Philippines,Taganak,6.2317308,118.0689847,Asia/Kuching,
380,Portugal,A dos Cunhados,39.1513579,-9.2954463,Europe/Lisbon,Lisboa
381,China,Xinshi,23.199183,113.256439,Asia/Chongqing,
382,China,Xigebi,40.324768,97.521763,Asia/Urumqi,
383,Brazil,São João Nepomuceno,-21.5367935,-43.0129853,America/Sao_Paulo,
384,France,Nantes,47.2174874,-1.5419505,Europe/Paris,Pays de la Loire
385,Sweden,Hova,58.8578776,14.2134536,Europe/Stockholm,Västra Götaland
386,Pakistan,Thul,28.2645193,68.4722695,Asia/Karachi,
387,China,Xiadahe,41.000673,123.2861901,Asia/Harbin,
388,Tajikistan,Adrasmon,40.6500061,69.9877879,Asia/Tashkent,
389,China,Yahe,27.6616992,120.5610519,Asia/Harbin,
390,Bulgaria,Borovo,42.669195,23.2885096,Europe/Sofia,
391,Philippines,Santa Clara,14.4711923,121.0206914,Asia/Manila,
392,China,Shanhou,23.354091,116.681972,Asia/Shanghai,
393,Portugal,Astromil,41.1961503,-8.4156809,Europe/Lisbon,Porto
394,Russia,Lianozovo,55.8930684,37.585677,Europe/Moscow,
395,Netherlands,Nijmegen,51.8417492,5.8715134,Europe/Amsterdam,Provincie Gelderland
396,China,Zhengdonglu,23.101893,113.297193,Asia/Shanghai,
397,Russia,Nagornyy,55.658365,37.615691,Europe/Moscow,
398,Indonesia,Air Bangis,0.2770603,99.3451118,Asia/Jakarta,
399,Peru,Laramate,-14.25575,-74.8591919,America/Lima,
400,Indonesia,Biris Daja,-7.15376,113.51969,Asia/Jakarta,
401,China,Sankoutang,26.419602,111.8132691,Asia/Chongqing,
402,Thailand,Pak Phanang,8.287423,100.1927389,Asia/Bangkok,
403,Finland,Muurla,60.3496505,23.2799707,Europe/Helsinki,
404,Ecuador,Playas,-2.6284683,-80.3895886,America/Guayaquil,
405,China,Zhoujiadian,31.260046,107.526896,Asia/Chongqing,
406,France,Marne-la-Vallée,48.8168007,2.6402346,Europe/Paris,Île-de-France
407,Bhutan,Lhuentse,27.8264989,91.135302,Asia/Kolkata,
408,Philippines,Santa Cruz,13.0748879,120.7213113,Asia/Manila,
409,China,Xiagong,29.623319,100.222137,Asia/Shanghai,
410,Indonesia,Birowo,-8.2192422,112.3665609,Asia/Jakarta,
411,Russia,Monino,55.8426843,38.1871216,Europe/Moscow,
412,Indonesia,Ngrambitan,-6.9627021,111.305369,Asia/Jakarta,
413,Sudan,Nyala,12.0518011,24.8804853,Africa/Khartoum,
414,Japan,?mihachiman,35.1083109,136.1458137,Asia/Tokyo,
415,Philippines,Paombong,14.834691,120.78195,Asia/Manila,
416,Portugal,Marteleira,39.2126147,-9.2845234,Europe/Lisbon,Lisboa
417,Portugal,Loures,38.8424265,-9.1901989,Europe/Lisbon,Lisboa
418,Mozambique,Pemba,-12.9732026,40.5178014,Africa/Maputo,
419,Belarus,Parychy,52.8066236,29.4258895,Europe/Minsk,
420,Peru,Quiruvilca,-8.0023449,-78.3095598,America/Lima,
421,China,Zhujiang,22.7694444,113.6216667,Asia/Shanghai,
422,Russia,Severoural’sk,60.1518638,59.9684485,Asia/Yekaterinburg,
423,South Korea,Incheon,37.4562557,126.7052062,Asia/Seoul,
424,Uganda,Kibuku,1.0452874,33.7992536,Africa/Kampala,
425,Indonesia,Ciseureuheun,-6.6126215,105.7233814,Asia/Jakarta,
426,Portugal,Pinheiral,-23.5390859,-46.3116591,Europe/Lisbon,Porto
427,Brazil,Jardim,-21.4803962,-56.1494143,America/Campo_Grande,
428,China,Guling,29.204461,116.512037,Asia/Shanghai,
429,Russia,Zavetnoye,44.7522462,41.6009212,Europe/Moscow,
430,Philippines,Mabalacat,15.1757062,120.5879653,Asia/Manila,
431,Albania,Burrel,41.6089452,20.006257,Europe/Tirane,
432,Ukraine,Kalanchak,46.2559467,33.2989663,Europe/Simferopol,
433,China,Ganyan,29.275625,110.790339,Asia/Chongqing,
434,Vietnam,Tân Hi?p,10.1154358,105.2834404,Asia/Ho_Chi_Minh,
435,China,Xumu,30.439547,119.669425,Asia/Chongqing,
436,Indonesia,Sukolilo,-7.2881839,112.8165095,Asia/Jakarta,
437,Indonesia,Lete,-9.408551,119.3192266,Asia/Makassar,
438,Vietnam,Yên L?p,21.3410625,105.0089888,Asia/Ho_Chi_Minh,
439,Colombia,El Retorno,2.0965805,-70.5264934,America/Bogota,
440,New Caledonia,Mont-Dore,-22.2297167,166.5233079,Pacific/Noumea,
441,Peru,Chiguirip,-6.4301048,-78.720695,America/Lima,
442,Morocco,Reggada,34.9344195,-2.2298164,Africa/Casablanca,
443,Japan,Abiko,34.4921654,135.4162726,Asia/Tokyo,
444,Russia,Siva,58.2721251,54.2388504,Asia/Yekaterinburg,
445,China,Taozhou,28.65638,121.42076,Asia/Shanghai,
446,France,Roanne,45.161017,1.663862,Europe/Paris,Rhône-Alpes
447,Israel,S?j?r,32.943109,35.343616,Asia/Jerusalem,
448,Bulgaria,Botevgrad,42.6997116,23.2730306,Europe/Sofia,
449,Thailand,Nakhon Pathom,13.81967,100.0601382,Asia/Bangkok,
450,Afghanistan,Kishk-e Nakh?d,31.62519,65.05511,Asia/Kabul,
451,Brazil,Socorro,-22.5905906,-46.5282973,America/Sao_Paulo,
452,Indonesia,Puubheto,-8.7918,121.5904,Asia/Makassar,
453,Argentina,Helvecia,-34.6950382,-58.6575429,America/Argentina/Cordoba,
454,South Africa,Sasolburg,-26.2171929,28.327702,Africa/Johannesburg,
455,China,Shiyu,26.0952694,119.3062749,Asia/Chongqing,
456,China,Jianshan,46.64635,131.158416,Asia/Shanghai,
457,Iran,?byek,36.040428,50.5446161,Asia/Tehran,
458,Portugal,Belverde,38.6015735,-9.1396466,Europe/Lisbon,Setúbal
459,Indonesia,Batambak,-6.995577,112.9862557,Asia/Makassar,
460,United States,Burbank,34.1615135,-118.3403506,America/Los_Angeles,California
461,China,Jiexiu,37.026945,111.916711,Asia/Chongqing,
462,Chile,Purranque,-40.9084312,-73.1661093,America/Santiago,
463,Pakistan,Khairpur,27.5331693,68.7254605,Asia/Karachi,
464,Ukraine,Belz,50.3815209,24.0089352,Europe/Uzhgorod,
465,Mexico,Bellavista,19.3972335,-99.1933664,America/Mexico_City,Jalisco
466,China,Qiaozhen,34.477513,107.148314,Asia/Chongqing,
467,Bulgaria,Perushtitsa,42.057517,24.5479535,Europe/Sofia,
468,China,Dongjiahe,35.585575,119.761775,Asia/Chongqing,
469,Poland,Gromadka,51.361479,15.7613834,Europe/Warsaw,
470,Indonesia,Tuamese,-9.0709033,124.7188222,Asia/Makassar,
471,Brazil,Rio Piracicaba,-19.9661142,-43.1359542,America/Sao_Paulo,
472,Russia,Tomari,47.7520885,142.0615212,Asia/Sakhalin,
473,France,Saint-Dié-des-Vosges,48.28232,6.942319,Europe/Paris,Lorraine
474,China,Bangjun,39.989836,117.274909,Asia/Harbin,
475,Mexico,San Isidro,25.7232439,-100.3671389,America/Monterrey,Nuevo Leon
476,Portugal,Arco de Baúlhe,41.4850622,-7.9607378,Europe/Lisbon,Braga
477,Poland,Roczyny,49.8541052,19.3158581,Europe/Warsaw,
478,Peru,Maca,-15.6418418,-71.7674379,America/Lima,
479,Croatia,Ferdinandovac,46.0523136,17.2018057,Europe/Zagreb,
480,China,Huangbayi,32.75348,106.135955,Asia/Chongqing,
481,China,Leidian,30.520783,120.145342,Asia/Shanghai,
482,China,Zoumachang,27.87132,105.20105,Asia/Chongqing,
483,China,Huaqiao,24.9372186,118.6422409,Asia/Shanghai,
484,United States,Raleigh,35.9240269,-78.5829504,America/New_York,North Carolina
485,China,Xinjiebu,28.22335,115.062214,Asia/Shanghai,
486,Sweden,Örebro,59.2648646,15.2289108,Europe/Stockholm,Örebro
487,Philippines,Ilaya,14.5661645,121.0321655,Asia/Manila,
488,France,Saint-Cloud,48.8590219,2.2228583,Europe/Paris,Île-de-France
489,Thailand,Chiang Khan,17.8759173,101.6271544,Asia/Bangkok,
490,Nigeria,Miringa,10.7187596,12.1404037,Africa/Lagos,
491,Uzbekistan,Kosonsoy Shahri,41.26327,71.54239,Asia/Tashkent,
492,United States,Port Washington,40.8395426,-73.7023905,America/New_York,New York
493,China,Hukou,29.731101,116.251947,Asia/Chongqing,
494,Philippines,Limulan,6.4946003,124.1086807,Asia/Manila,
495,United States,Oakland,37.8336281,-122.2029832,America/Los_Angeles,California
496,United States,Austin,30.2915328,-97.7688358,America/Chicago,Texas
497,Micronesia,Nukuoro,3.8458333,154.9416667,Pacific/Pohnpei,
498,Ukraine,Podbuzh,49.3320149,23.2486086,Europe/Uzhgorod,
499,Poland,Boronów,50.6655892,18.9277567,Europe/Warsaw,
500,Indonesia,Seraya,-8.412098,119.866554,Asia/Makassar,
501,Russia,Bogolyubovo,56.1952581,40.5343698,Europe/Moscow,
502,Costa Rica,San Rafael Arriba,9.6588232,-84.0995948,America/Costa_Rica,
503,Indonesia,Pasarbaru,-6.1671806,106.8340622,Asia/Jakarta,
504,Spain,Pontevedra,42.4423768,-8.6463086,Europe/Madrid,Galicia
505,China,Maojia,14.5662555,121.0134482,Asia/Chongqing,
506,Indonesia,Tinumpuk,-6.4153234,108.3890321,Asia/Jakarta,
507,Russia,Venëv,54.3494655,38.2582586,Europe/Moscow,
508,China,Dahedian,33.65333,106.04972,Asia/Chongqing,
509,Sweden,Luleå,62.4144225,17.2870792,Europe/Stockholm,Norrbotten
510,Philippines,Tulay na Lupa,14.1313261,122.8277624,Asia/Manila,
511,Poland,Rudziczka,50.0317672,18.7766679,Europe/Warsaw,
512,Luxembourg,Septfontaines,49.7002226,5.9670927,Europe/Brussels,
513,Poland,Brody,51.756353,14.7142269,Europe/Warsaw,
514,Indonesia,Kawangohari,-9.5463283,118.9996527,Asia/Makassar,
515,United States,Springfield,42.1014803,-72.5766759,America/New_York,Massachusetts
516,Sweden,Torslanda,57.7550378,11.814933,Europe/Stockholm,Västra Götaland
517,Philippines,Aborlan,9.562371,118.439613,Asia/Manila,
518,Dominican Republic,Santa Cruz de Barahona,18.2051988,-71.0924706,America/Santo_Domingo,
519,Canada,Carleton-sur-Mer,48.0999989,-66.0999999,America/Moncton,Québec
520,Thailand,Phutthaisong,15.5678638,103.0241726,Asia/Bangkok,
521,Panama,Alcaldedíaz,9.1169815,-79.5715822,America/Panama,
522,Poland,Krzanowice,50.0281297,18.1278226,Europe/Warsaw,
523,Portugal,Castanheira do Campo,40.2278236,-8.5382163,Europe/Lisbon,Coimbra
524,Greece,Sidirókastro,41.2349471,23.3938203,Europe/Athens,
525,China,Hongguang,32.2009532,119.4314373,Asia/Harbin,
526,Armenia,Darpas,40.8381534,44.4226861,Asia/Yerevan,
527,Portugal,Lagoa de Albufeira,38.5100219,-9.1705519,Europe/Lisbon,Setúbal
528,Indonesia,Bangkalan,-7.038375,112.9136695,Asia/Makassar,
529,Indonesia,Cipondok,-7.1612441,108.1695504,Asia/Jakarta,
530,Finland,Karkkila,60.5061173,24.2916372,Europe/Helsinki,
531,China,Tengjia,37.054157,122.354016,Asia/Shanghai,
532,Poland,Ma?a Wie?,52.4585616,20.1010662,Europe/Warsaw,
533,Ukraine,Chabany,50.338999,30.4222341,Europe/Kiev,
534,Portugal,Malpique,39.4364103,-8.2988008,Europe/Lisbon,Santarém
535,China,Gannan,34.983385,102.911027,Asia/Harbin,
536,Indonesia,Pekuncen,-7.3519383,109.0809868,Asia/Jakarta,
537,Ukraine,Bratslav,48.8162706,28.9461989,Europe/Kiev,
538,Germany,Berlin,52.5890862,13.3032995,Europe/Berlin,Berlin
539,Sweden,Helsingborg,56.0394628,12.7110264,Europe/Stockholm,Skåne
540,Indonesia,Kaem,-9.7732,123.8661,Asia/Makassar,
541,Cape Verde,Vila do Maio,15.1385669,-23.2066909,Atlantic/Cape_Verde,
542,Ireland,Kill,53.2482376,-6.5924609,Europe/Dublin,
543,Italy,Cagliari,39.2186229,9.113797,Europe/Rome,Sardegna
544,Indonesia,Sukogunungkrajan,-6.9399,111.595,Asia/Jakarta,
545,Canada,Brant,43.1564817,-80.1651854,America/Toronto,Ontario
546,Bulgaria,Borino,41.6840477,24.2930311,Europe/Sofia,
547,Indonesia,Batubantar,-6.3486919,106.0419754,Asia/Jakarta,
548,Portugal,Barreira,41.2106113,-8.5404451,Europe/Madrid,Viana do Castelo
549,Czech Republic,Horní Ji?etín,50.5702189,13.5166536,Europe/Prague,
550,China,Huajialing,39.985197,114.264843,Asia/Chongqing,
551,South Korea,Jangheung,34.6816856,126.9069278,Asia/Seoul,
552,Indonesia,Bangker,-6.2202997,106.8142131,Asia/Jakarta,
553,Latvia,Vi??ni,56.5501038,26.9229659,Europe/Riga,
554,China,Meijiang,24.31049,116.116695,Asia/Chongqing,
555,Portugal,Porto Martins,38.694365,-27.066757,Africa/Accra,Ilha Terceira
556,Indonesia,Tamanan,-7.8426533,110.3859913,Asia/Jakarta,
557,Croatia,Bobota,45.4140943,18.8413976,Europe/Zagreb,
558,Indonesia,Pepe,-7.4039153,112.7718209,Asia/Jakarta,
559,Colombia,Remedios,7.027766,-74.692965,America/Bogota,
560,Mongolia,Ögöömör,47.5,96.2,Asia/Ulaanbaatar,
561,Venezuela,San Fernando Apure,7.8806888,-67.4695307,America/Caracas,
562,Greece,Ágio Pnévma,41.1009418,23.678736,Europe/Athens,
563,China,Changshan,28.901462,118.511235,Asia/Harbin,
564,Guatemala,Morales,15.475069,-88.826313,America/Guatemala,
565,Indonesia,Kuafeu,-9.9544,124.1255,Asia/Makassar,
566,Thailand,Ban Nong Wua So,17.1782591,102.5704008,Asia/Bangkok,
567,China,Quanshang,30.471857,104.983818,Asia/Shanghai,
568,Philippines,Josefina,14.6156627,121.0009783,Asia/Manila,
569,Croatia,Koška,45.5458137,18.28907,Europe/Zagreb,
570,Pakistan,Naushahro F?roz,26.8310493,68.1194872,Asia/Karachi,
571,Indonesia,Punggurharjo,-6.7271573,111.4805019,Asia/Jakarta,
572,Philippines,Panitan,11.463645,122.7992318,Asia/Manila,
573,Greece,Áno Liósia,38.0817234,23.7036067,Europe/Athens,
574,Vietnam,Ph? Thông,22.2724243,105.8804085,Asia/Ho_Chi_Minh,
575,Slovenia,Lukovica pri Domžalah,46.1696293,14.6907259,Europe/Ljubljana,
576,Colombia,Málaga,6.6763591,-72.7628653,America/Bogota,
577,Luxembourg,Walferdange,49.6556075,6.1360677,Europe/Luxembourg,
578,Indonesia,Luthu,3.541868,98.729681,Asia/Jakarta,
579,Indonesia,Barubandung,-6.9174274,107.5849499,Asia/Jakarta,
580,Ukraine,Melekyne,46.9573015,37.3940991,Europe/Zaporozhye,
581,Indonesia,Karara,-9.659525,119.0750837,Asia/Makassar,
582,South Africa,Lichtenburg,-26.3593066,25.9068847,Africa/Johannesburg,
583,Indonesia,Kadubetara,-6.4594857,105.9141793,Asia/Jakarta,
584,Afghanistan,Adraskan,33.6716082,61.9813913,Asia/Kabul,
585,China,Futu,22.2866176,114.148724,Asia/Shanghai,
586,Malaysia,Klang,3.0721692,101.4687196,Asia/Kuala_Lumpur,Selangor
587,Portugal,Zibreira,39.4825368,-8.609605,Europe/Lisbon,Santarém
588,Greece,Áno Kopanákion,37.28333,21.81667,Europe/Athens,
589,United States,Des Moines,41.6,-93.61,America/Chicago,Iowa
590,Russia,Kondinskoye,59.65089,67.412319,Asia/Yekaterinburg,
591,Thailand,Ongkharak,13.789644,100.5199643,Asia/Bangkok,
592,Kazakhstan,Abay,49.6324398,72.8771916,Asia/Almaty,
593,France,Balma,43.6227518,1.5256514,Europe/Paris,Midi-Pyrénées
594,Russia,Buturlinovka,50.8963676,40.5554489,Europe/Moscow,
595,Georgia,Sagarejo,41.725392,45.3350791,Asia/Tbilisi,
596,Portugal,Livramento,38.7136413,-9.3736528,Europe/Lisbon,Lisboa
597,Indonesia,Tamansari,-7.8100327,110.3592495,Asia/Jakarta,
598,France,Boulogne-Billancourt,48.830394,2.2372823,Europe/Paris,Île-de-France
599,China,Zekou,25.948109,118.589396,Asia/Chongqing,
600,Greece,Argostólion,38.1731682,20.4899734,Europe/Athens,
601,Russia,Khokhryaki,56.9154663,53.3224108,Europe/Samara,
602,Comoros,Ivouani,-11.388934,43.390991,Indian/Comoro,
603,Tanzania,Naberera,-4.203866,36.927071,Africa/Dar_es_Salaam,
604,Indonesia,Mujur Satu,-7.62385,109.23577,Asia/Jakarta,
605,China,Qingshanhu,28.682984,115.962144,Asia/Shanghai,
606,Indonesia,Cikarang,-6.3079232,107.172085,Asia/Jakarta,
607,Indonesia,Geneng,-7.4873219,111.4156647,Asia/Jakarta,
608,China,Zhajin,29.00707,114.246016,Asia/Chongqing,
609,Venezuela,La Mula,8.5743021,-70.3762423,America/Caracas,
610,Brazil,Lapa,-25.7691769,-49.718244,America/Sao_Paulo,
611,Indonesia,Panggungasri,-8.2182795,112.2950314,Asia/Jakarta,
612,Dominican Republic,El Puerto,18.4399684,-69.2846603,America/Santo_Domingo,
613,Yemen,At Taw?h?,12.7871909,44.9836775,Asia/Aden,
614,China,Niejiahe,30.297685,111.302191,Asia/Chongqing,
615,United States,Seattle,47.4494702,-122.307217,America/Los_Angeles,Washington
616,Iran,Shahr-e B?bak,30.1172159,55.1210303,Asia/Tehran,
617,Brazil,Perdões,-21.0794915,-45.0933497,America/Sao_Paulo,
618,Peru,Mancos,-9.1896778,-77.7130151,America/Lima,
619,Syria,Al Qadm?s,35.1008082,36.1613289,Asia/Damascus,
620,Mexico,20 de Noviembre,19.4449916,-99.1082647,America/Mexico_City,Veracruz Llave
621,Japan,Bungo-Takada-shi,33.5617615,131.428737,Asia/Tokyo,
622,Mexico,San Miguel,19.3579802,-99.0806088,America/Mexico_City,Mexico
623,Cuba,Matanzas,23.0303395,-81.5322149,America/Havana,
624,China,Donggaocun,40.104785,117.116756,Asia/Chongqing,
625,Guadeloupe,Jarry,16.2359,-61.558,America/Guadeloupe,Guadeloupe
626,Pakistan,Do?ba,33.5068235,70.6960868,Asia/Karachi,
627,China,Dongbei,38.876483,121.549925,Asia/Shanghai,
628,China,Bajia,21.941555,111.426122,Asia/Chongqing,
629,Latvia,Ludza,56.545959,27.7143199,Europe/Riga,
630,Brazil,Bauru,-22.314459,-49.0586951,America/Sao_Paulo,
631,Chile,Corral,-39.8885744,-73.4315987,America/Santiago,
632,Colombia,Popayán,2.481207,-76.6990172,America/Bogota,
633,Yemen,Maqbanah,13.6669038,43.6830966,Asia/Aden,
634,Indonesia,Krayen,-8.0871,111.6426,Asia/Jakarta,
635,Russia,Tavricheskoye,54.5859873,73.6386612,Asia/Omsk,
636,Bolivia,Mojocoya,-18.76207,-64.621948,America/La_Paz,
637,Brazil,Livramento do Brumado,-13.65232,-41.843571,America/Bahia,
638,Gambia,Koina,13.4760557,-13.8651056,Africa/Dakar,
639,China,Yujiao,26.397624,117.79664,Asia/Shanghai,
640,Egypt,A? ?aff,29.6516537,31.3159513,Africa/Cairo,
641,Ukraine,Zagnitkiv,48.0470083,28.8848809,Europe/Chisinau,
642,Cuba,Habana del Este,23.1041815,-82.1604849,America/Havana,
643,Ukraine,Semenivka,52.1814619,32.583994,Europe/Kiev,
644,Indonesia,Ganjaran,-8.1433,112.6168852,Asia/Jakarta,
645,China,Ganxi,23.7247599,108.8076195,Asia/Chongqing,
646,Martinique,Fort-de-France,14.641514,-61.0512822,America/Martinique,Martinique
647,China,Changsha,28.228209,112.938814,Asia/Shanghai,
648,Sweden,Mariefred,59.3549627,17.2093329,Europe/Stockholm,Södermanland
649,Russia,Valerianovsk,58.760833,59.5550001,Asia/Yekaterinburg,
650,China,Lengshuitan,26.461076,111.592142,Asia/Chongqing,
651,China,Huxi,29.176523,120.390932,Asia/Chongqing,
652,China,Yungaisi,23.4024253,117.1166128,Asia/Chongqing,
653,Brazil,Santa Rosa,-27.8706817,-54.4801558,America/Sao_Paulo,
654,Indonesia,Duang,-6.2923526,106.7961188,Asia/Makassar,
655,Dominican Republic,Bajos de Haina,18.4091399,-70.031039,America/Santo_Domingo,
656,China,Jubaoshan,28.14932,105.497935,Asia/Harbin,
657,Iran,Oshnav?yeh,37.0364358,45.0971372,Asia/Tehran,
658,Indonesia,Rokem Barat,-6.8973,113.5316,Asia/Jakarta,
659,Dominican Republic,Arroyo Salado,19.539165,-69.9013281,America/Santo_Domingo,
660,Brazil,Francisco Morato,-23.2797384,-46.7452277,America/Sao_Paulo,
661,China,Haixing,38.143169,117.497651,Asia/Harbin,
662,Brazil,Mogi das Cruzes,-23.5213379,-46.185867,America/Sao_Paulo,
663,Greece,Metsovo,39.7702467,21.1828612,Europe/Athens,
664,Czech Republic,Záhorovice,49.0226636,17.7792323,Europe/Prague,
665,Brazil,Nova Cruz,-6.4472391,-35.4124355,America/Fortaleza,
666,China,Yihe,23.1497287,113.3227193,Asia/Shanghai,
667,Philippines,Bundoc,15.3614928,120.530743,Asia/Manila,
668,China,Dabao’anzhen,39.90246,117.485366,Asia/Harbin,
669,Nepal,R?jbir?j,26.5419464,86.7567219,Asia/Kathmandu,
670,United States,Garden Grove,33.7636344,-117.9688322,America/Los_Angeles,California
671,China,Shimen,29.584292,111.380014,Asia/Shanghai,
672,Japan,Yokosuka,34.6830797,137.9865313,Asia/Tokyo,
673,Israel,Yehud,32.030339,34.8870985,Asia/Jerusalem,
674,China,Menghai,21.957353,100.452547,Asia/Chongqing,
675,China,Hailang,44.5241667,129.5688889,Asia/Harbin,
676,Sweden,Göteborg,57.762202,12.056698,Europe/Stockholm,Västra Götaland
677,China,Yaozhou,34.909793,108.980102,Asia/Chongqing,
678,Egypt,Al Kh?nkah,30.2182236,31.3579913,Africa/Cairo,
679,Kyrgyzstan,Toktogul,41.8760133,72.9401509,Asia/Bishkek,
680,Indonesia,Sila,-8.509828,118.623299,Asia/Makassar,
681,Portugal,Lamoso,41.3191581,-8.3601548,Europe/Lisbon,Porto
682,United States,Columbus,39.9990626,-83.0173386,America/New_York,Ohio
683,China,Hengdong Chengguanzhen,27.08556,112.949437,Asia/Chongqing,
684,Kazakhstan,Akkol’,51.9956496,70.9359277,Asia/Almaty,
685,Indonesia,Margasari,-7.0976672,109.0215438,Asia/Makassar,
686,Mexico,La Concepcion,19.3461943,-99.1588734,America/Mexico_City,Veracruz Llave
687,Indonesia,Gogosuket,-8.0896,112.2944,Asia/Jakarta,
688,Syria,Talldaww,34.92357,36.48598,Asia/Damascus,
689,Indonesia,Detupia,-8.729,122.0188,Asia/Makassar,
690,Netherlands,Schiedam postbusnummers,51.883,4.3577,Europe/Amsterdam,Provincie Zuid-Holland
691,Poland,Dzia?dowo,53.2385231,20.1681128,Europe/Warsaw,
692,Russia,Nesterovskaya,43.2374865,45.0503473,Europe/Moscow,
693,Greece,Vareiá,39.0799649,26.5785197,Europe/Athens,
694,Armenia,Norabats’,40.1068238,44.4322092,Asia/Yerevan,
695,Indonesia,Kerbuyan,-8.584571,116.1245642,Asia/Makassar,
696,China,Huogezhuang,39.586554,118.644299,Asia/Shanghai,
697,Afghanistan,Markaz-e Woluswal?-ye ?ch?n,34.12583,70.70778,Asia/Kabul,
698,North Korea,Nanam,41.7268086,129.6850661,Asia/Pyongyang,
699,China,Qiaosi,30.6803557,104.1142719,Asia/Shanghai,
700,China,Yangjian,21.857958,111.982232,Asia/Shanghai,
701,China,Nancun,38.062428,114.645657,Asia/Shanghai,
702,Costa Rica,Nicoya,10.142762,-85.454983,America/Costa_Rica,
703,Argentina,Cerrillos,-32.972878,-60.6916164,America/Argentina/Salta,
704,Uzbekistan,Tirmiz,37.2610694,67.3086236,Asia/Samarkand,
705,Brazil,Brusque,-27.1220596,-48.9379168,America/Sao_Paulo,
706,Philippines,Tran,14.7572292,120.9644288,Asia/Manila,
707,Syria,Al Mushannaf,32.7407045,36.7738708,Asia/Damascus,
708,Russia,Karata,42.5969703,46.3340785,Europe/Moscow,
709,France,Lyon,43.0429124,1.9038837,Europe/Paris,Rhône-Alpes
710,Brazil,Simões Filho,-12.8272291,-38.4003431,America/Bahia,
711,Ukraine,Kopashnovo,48.2150764,23.4793844,Europe/Uzhgorod,
712,Sri Lanka,Weligama,5.973323,80.437663,Asia/Colombo,
713,Philippines,Saguiaran,8.039166,124.268625,Asia/Manila,
714,Philippines,Bulan,12.6703542,123.8732551,Asia/Manila,
715,China,Changfu,30.572815,104.066801,Asia/Harbin,
716,Netherlands,Maastricht,50.8269051,5.7198625,Europe/Amsterdam,Provincie Limburg
717,Georgia,Oni,42.5779358,43.4350888,Asia/Tbilisi,
718,China,Chishui,28.590337,105.697472,Asia/Chongqing,
719,Poland,Olesno,50.87526,18.41472,Europe/Warsaw,
720,Portugal,Paderne,37.1764814,-8.201073,Europe/Lisbon,Faro
721,Zambia,Mpika,-11.8280231,31.4513314,Africa/Lusaka,
722,China,Maoping,30.823054,110.973252,Asia/Chongqing,
723,Indonesia,Bente,-1.955673,121.119499,Asia/Makassar,
724,China,Shijie,23.09964,113.8131,Asia/Chongqing,
725,Indonesia,Tawangrejo,-8.035636,111.9969626,Asia/Jakarta,
726,Portugal,Quintas,41.1217553,-8.228543,Europe/Lisbon,Porto
727,Sweden,Tomelilla,55.5449766,13.953453,Europe/Stockholm,Skåne
728,Japan,J?etsu,37.0909826,138.1698009,Asia/Tokyo,
729,Indonesia,Gampang,-7.482537,112.6004965,Asia/Jakarta,
730,China,Dongfeng,31.236833,121.532286,Asia/Shanghai,
731,China,Gaoshibei,36.983696,115.070598,Asia/Chongqing,
732,Poland,Borowno,50.7784708,16.0928295,Europe/Warsaw,
733,Japan,Namioka,37.7343371,138.9151434,Asia/Tokyo,
734,China,Hou’an,15.8800584,108.3380469,Asia/Shanghai,
735,United States,Oklahoma City,35.4674683,-97.4996835,America/Chicago,Oklahoma
736,Thailand,Phlapphla Chai,13.7464901,100.5129096,Asia/Bangkok,
737,Philippines,Alua,15.3097361,120.8940375,Asia/Manila,
738,Russia,Shchëkino,56.076372,35.9263157,Europe/Moscow,
739,Tunisia,Kairouan,35.6759137,10.0919243,Africa/Tunis,
740,Thailand,Pa Phayom,7.8401615,99.9423246,Asia/Bangkok,
741,Russia,Nizhniy Novgorod,56.2995342,44.0013228,Europe/Moscow,
742,Equatorial Guinea,Río Campo,2.3380025,9.8194682,Africa/Malabo,
743,Indonesia,Kebonan,-7.355927,110.6422198,Asia/Jakarta,
744,Russia,Pervomayskaya,43.4009223,45.5278152,Europe/Moscow,
745,Indonesia,Genengan Kulon,-8.0509691,112.6034763,Asia/Jakarta,
746,Ukraine,Horodnya,51.8911132,31.5958532,Europe/Kiev,
747,Azerbaijan,Dzhalilabad,39.2051632,48.5100604,Asia/Baku,
748,Russia,Perm,57.9887927,56.1415665,Asia/Yekaterinburg,
749,Brazil,Itatiba,-23.006144,-46.8422385,America/Sao_Paulo,
750,Philippines,Port Area,14.5937178,120.9676054,Asia/Manila,
751,Czech Republic,Lou?ná nad Desnou,50.1046609,17.1303468,Europe/Prague,
752,China,Xijiang,22.8387258,112.3810562,Asia/Shanghai,
753,Czech Republic,Broumov,50.5856582,16.3318151,Europe/Warsaw,
754,Bulgaria,K?rdzhali,41.7220316,25.3726469,Europe/Sofia,
755,China,Diwopu,43.9072222,87.4741667,Asia/Urumqi,
756,Finland,Bennäs,63.6182729,22.7568858,Europe/Helsinki,
757,France,Vitrolles,43.7786945,3.7264439,Europe/Paris,Provence-Alpes-Côte d'Azur
758,China,Liugong,24.3154419,109.3656914,Asia/Urumqi,
759,Uganda,Paidha,2.4183904,30.9847642,Africa/Kampala,
760,Egypt,Al Manzilah,31.1195391,31.9416226,Africa/Cairo,
761,China,Niujiang,22.37314,112.399452,Asia/Chongqing,
762,Russia,Bisert’,56.85206,59.0476359,Asia/Yekaterinburg,
763,Greece,Lefkímmi,39.42309,20.0718612,Europe/Athens,
764,Bulgaria,Vidin,44.0086458,22.9355752,Europe/Sofia,
765,Iceland,Álftanes,64.1046451,-22.0170973,Atlantic/Reykjavik,
766,Brazil,Araçatuba,-21.203385,-50.4439728,America/Sao_Paulo,
767,China,Xianghu,30.167585,120.234391,Asia/Shanghai,
768,Germany,Kiel,54.3171885,10.0477345,Europe/Berlin,Schleswig-Holstein
769,Malaysia,Shah Alam,2.9864896,101.5395705,Asia/Kuala_Lumpur,Selangor
770,China,Yanggang,21.857958,111.982232,Asia/Shanghai,
771,Mexico,Niños Heroes,17.074403,-96.7385775,America/Mexico_City,Oaxaca
772,China,Jiangkou,27.69965,108.839557,Asia/Chongqing,
773,Nigeria,Sokoto,13.0058731,5.2475518,Africa/Lagos,
774,France,Montpellier,47.3752386,-0.8453268,Europe/Paris,Languedoc-Roussillon
775,China,Pinggang,22.385929,111.688745,Asia/Chongqing,
776,Indonesia,Kalipucang,-7.6478966,108.7511864,Asia/Jakarta,
777,Russia,Khiv,53.1892176,50.119277,Europe/Moscow,
778,Belarus,Prawdzinski,53.5234017,27.8299056,Europe/Minsk,
779,Indonesia,Tenjolaya,-6.6572023,106.7057733,Asia/Jakarta,
780,China,Zhanbei,41.149869,114.722326,Asia/Shanghai,
781,Philippines,Tiaong,13.9434827,121.3691335,Asia/Manila,
782,Thailand,Ban Mai,8.2760566,99.999936,Asia/Bangkok,
783,China,Gaocheng,38.021567,114.847075,Asia/Chongqing,
784,China,Dongting,28.8876615,112.5841075,Asia/Shanghai,
785,Israel,Na'ale,31.962594,35.065976,Asia/Hebron,
786,Portugal,Castelo,41.1279946,-7.9859629,Europe/Lisbon,Porto
787,Malta,Imsida,35.8925,14.48278,Europe/Malta,
788,Sri Lanka,Sri Jayewardenepura Kotte,6.9280156,79.8908308,Asia/Colombo,
789,Brazil,Lagoa Vermelha,-28.1999491,-51.5303101,America/Sao_Paulo,
790,France,Rennes,48.1164447,-1.7128603,Europe/Paris,Bretagne
791,United States,Laurel,39.062982,-76.8391683,America/New_York,Maryland
792,China,Jianguang,37.504829,115.720864,Asia/Shanghai,
793,China,Changshou,29.857996,107.081282,Asia/Harbin,
794,Philippines,Hinigaran,10.2203274,123.0540501,Asia/Manila,
795,China,Jielin,43.1520105,126.4371385,Asia/Shanghai,
796,Philippines,Almeria,14.3876884,121.0011959,Asia/Manila,
797,Czech Republic,Lysá nad Labem,50.2014324,14.8328189,Europe/Prague,
798,Pakistan,Jand,33.4206358,72.0017338,Asia/Karachi,
799,United States,Terre Haute,39.4596137,-87.3478243,America/Indiana/Indianapolis,Indiana
800,Philippines,Solana,17.652881,121.650701,Asia/Manila,
801,China,Zicheng,30.760008,120.753163,Asia/Chongqing,
802,Canada,Beauceville,46.2051265,-70.7720325,America/Montreal,Québec
803,France,Paris 14,43.4945737,5.8978018,Europe/Paris,Île-de-France
804,Slovenia,Ravne na Koroškem,46.5448323,14.9660445,Europe/Ljubljana,
805,Philippines,Tandag,9.090009,126.162783,Asia/Manila,
806,Cambodia,Sihanoukville,10.6253016,103.5233963,Asia/Phnom_Penh,
807,Canada,Bromont,45.3151096,-72.661835,America/Montreal,Québec
808,China,Jiujiang,29.705077,116.00193,Asia/Shanghai,
809,Bolivia,Sipe Sipe,-17.4474874,-66.3438275,America/La_Paz,
810,Indonesia,Rancabungur,-6.5312892,106.702825,Asia/Jakarta,
811,China,Dongfu,24.565521,117.936238,Asia/Shanghai,
812,Thailand,Phra Pradaeng,13.6532561,100.5633676,Asia/Bangkok,
813,China,Xinyang,32.147679,114.091192,Asia/Shanghai,
814,Argentina,General Enrique Mosconi,-38.7589114,-62.2749967,America/Argentina/Salta,
815,Nicaragua,Las Sabanas,13.3406743,-86.6220546,America/Managua,
816,France,Lille,50.6091631,3.2344605,Europe/Paris,Nord-Pas-de-Calais
817,Portugal,Calçada,42.0328151,-8.6450785,Europe/Lisbon,Viana do Castelo
818,Belarus,Khoyniki,51.9109552,29.9994415,Europe/Minsk,
819,Portugal,Além,41.618679,-8.3868747,Europe/Lisbon,Braga
820,China,Yili,43.916823,81.324136,Asia/Harbin,
821,Denmark,Frederiksberg,55.6729118,12.5457483,Europe/Copenhagen,Region Hovedstaden
822,China,Xinghua,32.910459,119.85254,Asia/Chongqing,
823,Indonesia,Fatukanutu,-10.1749074,123.9136675,Asia/Makassar,
824,Indonesia,Sukasari,-6.8646647,107.5889804,Asia/Jakarta,
825,Belarus,Antopal’,52.2041343,24.7853017,Europe/Minsk,
826,Portugal,Rio de Moinhos,38.7726507,-7.502314,Europe/Lisbon,Évora
827,France,Noisy-le-Grand,48.8478808,2.5525914,Europe/Paris,Île-de-France
828,Sri Lanka,Colombo,6.9333793,79.8441645,Asia/Colombo,
829,Greece,Néa Karyá,40.9063009,24.7069091,Europe/Athens,
830,France,Armentières,47.5619629,-0.9147447,Europe/Paris,Nord-Pas-de-Calais
831,Russia,Pavlovskiy Posad,55.7562751,38.6792665,Europe/Moscow,
832,Brazil,Andradina,-20.9096549,-51.3860303,America/Sao_Paulo,
833,Brazil,Novo Hamburgo,-29.6918991,-51.1255697,America/Sao_Paulo,
834,China,Sigou,34.7671945,119.0790302,Asia/Chongqing,
835,China,Longquan,28.074649,119.141473,Asia/Shanghai,
836,Czech Republic,Jakartovice,49.9114346,17.6628187,Europe/Prague,
837,Argentina,Miramar,-34.3714108,-58.875663,America/Argentina/Cordoba,
838,Canada,Summerland,49.59977,-119.66911,America/Vancouver,British Columbia
839,China,Xinye,29.330041,119.334789,Asia/Chongqing,
840,Portugal,Boleiros,39.5805123,-8.6401184,Europe/Lisbon,Santarém
841,Uganda,Kiryandongo,1.9530448,32.1391217,Africa/Kampala,
842,Russia,Kazinka,53.7133491,40.9922209,Europe/Moscow,
843,Ukraine,Boyany,48.269924,26.1261538,Europe/Uzhgorod,
844,Libya,Al Qubbah,32.7674911,22.2324406,Africa/Tripoli,
845,Indonesia,Karangbalong,-6.1661827,105.8527907,Asia/Makassar,
846,Philippines,San Francisco,8.5057205,125.9772286,Asia/Manila,
847,Vietnam,Anh Son,18.9688054,105.0557415,Asia/Ho_Chi_Minh,
848,Sweden,Mölnlycke,57.6581553,12.1171659,Europe/Stockholm,Västra Götaland
849,Philippines,Tairan Camp,6.6402,121.8395,Asia/Manila,
850,Finland,Urjala,61.1035855,23.179484,Europe/Helsinki,
851,Czech Republic,?eský T?šín,49.7192421,18.591659,Europe/Prague,
852,Pakistan,Ris?lpur,34.0724454,72.0577733,Asia/Karachi,
853,Serbia,Prokuplje,43.2367913,21.5915831,Europe/Belgrade,
854,Brazil,Ourinhos,-22.9798639,-49.8699589,America/Sao_Paulo,
855,Brazil,Anápolis,-16.328546,-48.953403,America/Sao_Paulo,
856,Ireland,Leixlip,53.3653866,-6.4887534,Europe/Dublin,
857,China,Wawu,26.974959,112.461956,Asia/Chongqing,
858,China,Dong’ao,18.714928,110.401814,Asia/Chongqing,
859,Indonesia,Sendang,-7.935395,111.8210866,Asia/Jakarta,
860,Indonesia,Bangbayang,-6.8734228,107.074614,Asia/Jakarta,
861,Poland,Jab?onica Polska,51.310421,20.7626339,Europe/Warsaw,
862,Philippines,Magdug,6.5400402,126.084947,Asia/Manila,
863,China,Xinpu,27.44587,118.679751,Asia/Chongqing,
864,Thailand,Si Narong,15.228683,104.8577489,Asia/Bangkok,
865,United States,Denver,39.790486,-104.9000469,America/Denver,Colorado
866,Niger,Agadez,16.9741689,7.986535,Africa/Niamey,
867,Czech Republic,Nedakonice,49.0333308,17.3756941,Europe/Prague,
868,Luxembourg,Sandweiler,49.6235379,6.2379992,Europe/Luxembourg,
869,Indonesia,Oelaba,-10.7540132,122.9104995,Asia/Makassar,
870,Brazil,Lagoa do Itaenga,-7.934176,-35.2920979,America/Recife,
871,Mexico,San Francisco,20.8965838,-105.4093552,America/Mexico_City,Jalisco
872,China,Zala,31.760353,93.617125,Asia/Chongqing,
873,China,Shancheng,35.897702,114.184427,Asia/Chongqing,
874,Brazil,Riolândia,-20.015942,-49.7319925,America/Sao_Paulo,
875,Indonesia,Cipari,-7.4066528,108.7719766,Asia/Jakarta,
876,Indonesia,Growong Kidul,-6.6664588,111.1682495,Asia/Jakarta,
877,China,Hezuoqiao,39.9380845,116.3152113,Asia/Chongqing,
878,Czech Republic,Albrechtice,49.7830508,18.5257165,Europe/Prague,
879,Indonesia,Bebedahan,-7.2527403,107.8774664,Asia/Jakarta,
880,Czech Republic,Hrotovice,49.1077,16.0606772,Europe/Prague,
881,Indonesia,Labuhanjambu,-8.68633,118.0771515,Asia/Makassar,
882,Russia,Pionerskiy,61.1995653,62.8405475,Asia/Yekaterinburg,
883,Portugal,Reinaldes,39.3300893,-9.2996929,Europe/Lisbon,Leiria
884,Peru,Ocoyo,-14.05,-74.966667,America/Lima,
885,Sweden,Stockholm,59.3354247,18.067173,Europe/Stockholm,Stockholm
886,Jordan,Amman,31.9453666,35.9283716,Asia/Amman,
887,China,Tiantang,25.556716,110.016031,Asia/Chongqing,
888,China,Lubu,23.177772,112.294107,Asia/Chongqing,
889,Portugal,Soutelo,41.6409278,-8.5624704,Europe/Lisbon,Viana do Castelo
890,Indonesia,Karanggeneng,-7.5173045,110.5933862,Asia/Jakarta,
891,Indonesia,Jagong,-7.0511949,111.2517127,Asia/Jakarta,
892,Russia,Perfilovo,54.4132559,100.4819389,Asia/Irkutsk,
893,Greece,Dimitsána,37.5955677,22.0395213,Europe/Athens,
894,Indonesia,Manokwari,-0.8614531,134.0620421,Asia/Jayapura,
895,Philippines,Luna,14.5968528,121.0670507,Asia/Manila,
896,Brazil,Varjota,-4.1948081,-40.4760325,America/Fortaleza,
897,China,Heping,24.44218,114.938684,Asia/Shanghai,
898,Afghanistan,Cool ?rhajó,34.26545,67.34516,Asia/Kabul,
899,China,Lancheng,33.347316,120.16366,Asia/Shanghai,
900,France,Lorient,44.8671415,4.9157564,Europe/Paris,Bretagne
901,Panama,Portobelo,9.5488889,-79.6530174,America/Panama,
902,Syria,As S?sah,34.5200967,40.9612121,Asia/Damascus,
903,Ethiopia,Inda Silas?,14.1056708,38.2849463,Africa/Addis_Ababa,
904,China,Yantang,23.15998,113.327132,Asia/Chongqing,
905,Iran,Kal?leh,37.3833017,55.5025595,Asia/Tehran,
906,China,Pukou,32.059093,118.627894,Asia/Shanghai,
907,Brazil,Brumado,-14.1968614,-41.6809724,America/Bahia,
908,Brazil,Jaboatão,-8.1132729,-35.0169621,America/Recife,
909,Japan,Shin’ichi,33.9352916,133.0604733,Asia/Tokyo,
910,Russia,Samashki,43.2900441,45.3024464,Europe/Moscow,
911,New Zealand,Maungatapere,-35.7549893,174.2077912,Pacific/Auckland,
912,China,Lüyang,31.878735,117.26467,Asia/Harbin,
913,Philippines,Comagascas,9.1374129,125.5593311,Asia/Manila,
914,Indonesia,Kolo,-8.3833419,118.7256312,Asia/Makassar,
915,Colombia,Matanza,7.3988718,-73.052334,America/Bogota,
916,Peru,Bambas,-14.0893344,-72.3355683,America/Lima,
917,Indonesia,Sarae,-8.4500758,118.7278177,Asia/Makassar,
918,Indonesia,Long Layu,3.61023,115.69993,Asia/Kuching,
919,China,Hushi,25.315243,119.090741,Asia/Chongqing,
920,Papua New Guinea,Ialibu,-6.2615781,143.9813542,Pacific/Port_Moresby,
921,Netherlands,Utrecht (stad),52.08234,5.1175293,Europe/Amsterdam,Provincie Utrecht
922,Brazil,São Sebastião do Caí,-29.5904737,-51.3738524,America/Sao_Paulo,
923,Argentina,La Rioja,-32.9377962,-60.6961061,America/Argentina/La_Rioja,
924,Thailand,Si Thep,15.4601543,101.1949191,Asia/Bangkok,
925,Ghana,Achiaman,5.6956728,-0.3301342,Africa/Accra,
926,China,Chengtou,30.572815,104.066801,Asia/Shanghai,
927,China,Huaminglou,28.040943,112.636417,Asia/Chongqing,
928,Armenia,Shenavan,40.4832736,44.3852966,Asia/Yerevan,
929,Russia,Novocherkassk,47.3695152,40.0905465,Europe/Moscow,
930,Russia,Kovernino,57.1260445,43.8059949,Europe/Moscow,
931,Russia,Novokhovrino,55.86667,37.5,Europe/Moscow,
932,Portugal,Campo,41.5706511,-8.3577961,Europe/Lisbon,Braga
933,Greece,Eloúnda,35.2613505,25.7234164,Europe/Athens,
934,Colombia,Circasia,4.616094,-75.635595,America/Bogota,
935,Pakistan,Faisal?b?d,31.4727877,72.9967658,Asia/Karachi,
936,China,Jiufeng,30.7446878,120.4910168,Asia/Chongqing,
937,Indonesia,Pisangkemeng,-8.8025,117.7774,Asia/Makassar,
938,Philippines,Obong,12.0379785,124.6581969,Asia/Manila,
939,Thailand,Nai Harn,7.7785093,98.3031575,Asia/Bangkok,
940,Nicaragua,San José de Cusmapa,13.2892111,-86.6548114,America/Managua,
941,Australia,Sydney,-33.7974423,151.2502275,Australia/Sydney,New South Wales
942,China,Huangqiao,32.240853,120.2326771,Asia/Shanghai,
943,Poland,Markowa,50.0257144,22.3320424,Europe/Warsaw,
944,Brazil,Palmas de Monte Alto,-14.1500098,-43.2521507,America/Bahia,
945,Portugal,Tapado,41.1509639,-7.9737002,Europe/Lisbon,Porto
946,Japan,Kure,33.3297722,133.2308851,Asia/Tokyo,
947,France,Aime,47.1036608,0.3010983,Europe/Paris,Rhône-Alpes
948,Croatia,Lepoglava,46.2075543,16.0435885,Europe/Ljubljana,
949,Colombia,Tame,6.2962841,-71.9045649,America/Bogota,
950,Thailand,Pa Bon,7.2166013,100.1479182,Asia/Bangkok,
951,Philippines,Talabaan,14.6291868,121.0893745,Asia/Manila,
952,Zimbabwe,Zvishavane,-20.3139411,30.0549683,Africa/Harare,
953,Thailand,Nakhon Sawan,15.6987382,100.11996,Asia/Bangkok,
954,Albania,Delvinë,39.9481364,20.0955891,Europe/Tirane,
955,Cuba,Florida,21.5149423,-78.219132,America/Havana,
956,Thailand,Phu Luang,17.0935616,101.6612934,Asia/Bangkok,
957,Canada,Chase,50.8137495,-119.6934422,America/Vancouver,British Columbia
958,Indonesia,Malati,-7.3790406,107.3198424,Asia/Jakarta,
959,Russia,Uralets,57.6602926,59.656685,Asia/Yekaterinburg,
960,Philippines,Mapalacsiao,15.4293836,120.6527078,Asia/Manila,
961,Brazil,Fernandópolis,-20.2810232,-50.2475804,America/Sao_Paulo,
962,Malaysia,Kota Kinabalu,5.976474,116.115777,Asia/Kuching,Sabah
963,Sweden,Bromma,59.3370396,17.9575718,Europe/Stockholm,Stockholm
964,Russia,Novokuz’minki,53.1294318,87.4792556,Europe/Moscow,
965,China,Jiazi,22.879493,116.061522,Asia/Chongqing,
966,Indonesia,Banjar Laing,-8.577582,115.136457,Asia/Makassar,
967,Philippines,Mambulo,13.6315513,123.0424788,Asia/Manila,
968,China,Yuelai,29.72277,106.53519,Asia/Harbin,
969,Peru,Cuispes,-5.9285726,-77.9438811,America/Lima,
970,Philippines,Agoo,16.3274859,120.3660634,Asia/Manila,
